Localidad,Prestadores,Web,Dirección,e-mail,Teléfono fijo,WhatsApp
VG,Aguilar Propiedades,Si,Av. Buenos Aires N° 756,aguilarpropiedadesvg@gmail.com,(02255) 46-0821,5492255481403
VG,Alici Inmobiliaria & Constructora ,Si,Paseo 133 y Av. 3 nº 3299,alici_vg@hotmail.com,(02255) 46-6677,2255409736 / 2255525676
VG,Arno Enrique Propiedades,Si,Av. Buenos Aires nº 534 e/ Alam. 205 y 206,arnoprop@gesell.com.ar,(02255) 46-4344,54 9 2267401457
VG,Capurro,Si,Av. Buenos Aires y Alameda 201 Nº 116,mcapurro@gesell.com.ar,(02255) 46-8336 ,5492255608559
VG,Dominguez Decoud ,Si,Paseo Costanero Nº 1144,info@dominguezdecoud.com.ar / decoudolga@gmail.com,(02255) 45-3697,5491125084046
VG,Gianini ,Si,Av. Buenos Aires Nº1134,gianiniinmoboliaria@gmail.com,(02255) 45-0525 / 8177,5491157132083
VG,Andres Martino Propiedades ,Si,Av. Buenos Aires Nº 1059 1º Piso,martino250@hotmail.com,No posee,5492255609999
VG,J.M. Garcia Negocios Inmobiliarios,Si,Avenida 3 Nº 2032,magaligroup@gmail.com,(02255) 45-0607,54 9 1166609629
VG,Osvaldo Ruiz ,Si,Avenida Buenos Aires Nº 75,info@osvaldoruiz.com.ar / orpropiedades@gmail.com,(02255) 46-8475 / 7083,5492255507564
VG,Pehuen,Si,Av. 3 Nº 3915 y Paseo 139,pehuen@gesell.com.ar,(02255) 47-6070,5491167304050
VG,Blangiforti ,Si,Av. Buenos Aires N° 744,info@blangiforti.com.ar,(02255) 46-0243,54 9 2267536141
VG,Bravo,Si,Av. Buenos Aires Nº 757,info@bravoinmuebles.com,(02255) 46-2381 / 45-6145,54 9 2255485833
MDLP,Bravo,Si,"Santa María y El Ceibo, Paseo de La Comarca Loc. 1",info@bravoinmuebles.com,(02255) 47-7717,54 9 2255485833
VG,Pugliese,Si,Avenida 3 Nº 4494, roncoronipropsucursalsur@gmial.com,(02255) 47-5463,5492255409666
VG,Alicia Fogliese Propiedades,Si,Av. 3 nº 1973 e/ Paseos 119 y 120 Loc. 2,aliciafogliese@gmail.com,(02255) 45-5356 / 3002,5492255524353
VG,Bahlcke Propiedades,Si,Av. Buenos Aires nº 1144,info@bahlckepropiedaades.com.ar,(02255) 45-0224 ,5492255439571
MA,D´Eramo ,Si,Mar del Plata e/ Calles 40 y 41,deramoinmobiliaria@gmail.com,(02255) 45-5548,5492255505468
VG,Oczowinski Propiedades,Si,Av.Buenos Aires Nº406,consultas@gesellpropiedades.com.ar,(02255) 45-8584,5492255508283
MA,Gianini ,Si,Mar del Plata y Calle 33,gianinimarazul@gmail.com ,(02255) 47-9558,5492255606355
MDLP,De Ovando,Oculto,Santa María entre El Lucero y El Ceibo (Sendas del Encuentro - Local 3),info@dovando.com.ar,(02255) 47-9799 // 9959 fax,2255408040
VG,Diez Inmobiliaria,Oculto,Avenida Buenos Aires Nº 1416,oilherpropidades@gmail.com,(02255) 47-5010 ,2255508002
MA,Diez Inmobiliaria,Oculto,Calle 33 Nº 240 Av Mar del Plata,oilherpropidades@gmail.com,(02255)45-8398 / 5010,2255604102
MA,Soria Roncoroni Propiedades ,Si,Calle 34 y Mar del Plata,mroncoroni@gesell.com.ar,(02255) 47-9559,5492255507343
MA,Silvia A. Fernandez Propiedades,Si,Av. Punta del Este e/ Calles 33 y 34,braicesfernandez@gmail.com,(02255) 46-3051,5492255626092 /5492255509408
VG,G. Calvo Propiedades ,Si,Av. Buenos Aires nº 750,gcalvopropiedades@gmail.com,(02255) 46-3405,5492255410319
LG,Gaviotas Inmobiliaria,Oculto,Mar del Plata entre Calles 32 y 33,inmobiliariarossi.gaviotas@gmail.com,(02255) 47-9988 / 2541 / 9988,5492234981802
MDLP,Ale Tellechea Inmobiliaria ,Si,Mercedes Sosa y Hudson Local 6,contacto@aletelle.com.ar,(02255) 47-9582,5492267632546
MDLP,Alici Propiedades,Si,Gernuchoff e/ El Lucero y El Ceibo,alici_vg@hotmail.com,(02255) 47-9582,54 9 2255409736
MDLP,Costa y Sierras,Si,Av. El Lucero e/ Santa María y Querandíes,costaysierras@gmail.com,(02255) 46-7427,54 92255607185
MDLP,"Daiana Cruz (ex Ex-Dinorah, ex De Meglio)",Si,Cruz del Sur e/ Ombú y Garay N° 370,inmobiliaria@dianacruz.com.ar,(02255) 47-2958,5492255528490
LG,Gori Gauna,Oculto,Calle 33 entre San Clemente y Monte Hermoso,gorigaunapropiedades@mail.com,(02255) 46-5424,2267-517773
MDLP,Estanga Inmobiliarias,Si,Av. El lucero e/ Mercedes Sosa y Las Toninas,info@fabianestanga.com,(02255) 45-3009,5492255626296
VG,Gussoni DP Propiedades,Oculto,Avenida Buenos Aires Nº991,dpropiedadesvg@gmail.com,(02255) 47-4704 / 3013,
MDLP,Gianini,Si,"Santa Maria y El Ceibo Paseo ""La comarca""",mardelaspampas@gianinipropiedades.com.ar,(02255) 45-6282,5492255534791
MDLP,Roncoroni,Si,Victoria Ocampo y Ombú,"
roncoronipampas@gesell.com.ar",(02255) 45-3911 ,5492267522166
MA,Rush Propiedades,Si,Calle 44 N°651 e/ Punta del Indio y Pinamar,rushpropiedades@gmail.com,(02255) 47-8184, 5492255425606 / 5491156193227
VG,D´Eramo,Si,Alameda 204 Nº 22 - Local 2,infovg@deramo.com.ar / deramo@gesell.com.ar,(02255) 46-8350 // 45-9680,54922675667009
VG,Inmobiliaria Marina De Ovando ,Si,Paseo 105 N° 1069,inmobiliaria@deovando.ar,No posee,5492255529153
VG,J.L. Martinez ,Si,Av. Buenos Aires Nº 731,jlmartinezpropiedades@gmail.com / info@jlmartinezpropiedades.com.ar,(02255) 45-5505,54 9 2267517773
VG,La Inmobiliaria (Gr.) y Administración de propiedades,Si,Av. 3 y Paseo 128,,No posee,No posee
VG,Martin Propiedades,Si,Calle 33 N°260 e/ Mar del Plata y Punta del Este,martinpropiedades@yahoo.com,(02255) 47-4115,5492255404287
VG,Naglic ,Oculto,Av. Buenos Aires nº 1118,info@naglicpropiedades.com.ar,No posee,No posee
VG,Manrique Propiedades,No,Avenida 3 entre Paseos 125 y 126 - Local 2,manriquepropiedades@gesell.com.ar,(02255) 46-2211,
MA,Mar Azul S.A.,Si,"El Lucero y Santa María, Mar de las Pampas",vazquez-mardelaspampas@hotmail.com,(02255) 45-2194,No posee
VG,Ressia MB Bienes Raíces ,Si,"Av. Buenos Aires N° 398 y Alameda 204 (Galería Taxco, Local 15)",info@ressiabienesraices.com.ar,No posee,5492255534300
MDLP,Martino Propiedades,Si,El Ceibo y Gerchunoff,info@martinopropiedadesmardelaspampas.com.ar,(02255) 46-4466,5492255609999
VG,N. Ferrari Propiedades ,No,Av. Buenos Aires nº 719,nferrari@gesell.com.ar,(02255) 46-5088,5492267676667
VG,Sergio Coronel Propiedades ,Si,Av 3 Nº 3052 - Local 5,info@sergiocoronel.com.ar / sergiocoronelpropiedades@gmail.com,(02255) 45-9866,5491150953480
MA,David Díaz ,Si,Mar del Plata e/ Calles 37 y 38,gabi.sil@hotmail.com ,No tienen,5491150585457
MDLP,Silvia Fernandez ,Si,El Lucero e/ Santa Maria y Querandíes,braicesfernandez@gmail.com,(02255) 45-3041 ,5492255509408
VG,Adami Propiedades,Si,Av. Buenos Aires nº 714,adamipropiedades@hotmail.com,(02255) 45-0714,5492255415685
VG,Anton Bienes Raíces,Si,Av. 3 Nº 2790 y Paseo 128,info@antonbienesraices.com,(02255) 45-5067,5492255417534
VG,Perez Bosatta,No,,,(02255) 46-4033,5492255418694
VG,Gonzalez Propiedades,Si,Paseo 139 nº 49 Planta Baja Dpto. 8,gonzalezpropiedades@live.com,(02255) 47-6099,No posee
VG,Graziani ,Si,Av. 3 y Paseo 110 -Local 9 N° 299,graziani@gesell.com.ar,(02255) 46-2123,54 9 2255410244
VG,Inmobiliaria Bischoff ,Si,Av. 3 N° 771 e/ Paseos 107 y 108,villagesell@bischoffinmobiliaria.com,(02255) 46-3066,5492255509785
VG,Inmobiliaria Monica Müller ,Si,Av. 3 N°2402 y Paseo 124,inmomuller@hotmail.com,(02255) 47-7016,5492267405136
VG,Irell   ,Si,Av. Buenos Aires y Alameda 208,irellinmobiliaria@gmail.com,(02255) 45-8497 / 8,5492255414803
MDLP,Saenz Propiedades,Oculto,"Santa Maria y El Ceibo, Pasaje Sureño",saenz.propiedadesba@gmail.com,(02255) 45-8839,5491140423447
VG,Liliana Cappelli Propiedades,Si,"Av. Buenos Aires Nº 406, local 1",lcappelliprop@gesell.com.ar,(02255) 45-8021,5492255409062
VG,Maciel Inmobiliaria,Si,Av. 3 nº 4127,propiedadesmaciel@gmail.com,(02255)45-3323/46-3800,5492255415366
VG,Oilher Propiedades,Si,Av. Buenos Aires N° 708,oilherpropiedadesvg@gmail.com,(02255) 47-5010,5492255508002
VG,Roncoroni,Si,Av. Buenos Aires Nº 1104,vroncoroni@gesell.com.ar,(02255) 45-4969,5492255608005
VG,Schagen Propiedades ,Si,Av. Buenos Aires Nº 755 -Local 2,rschagen@gesell.com.ar,(02255) 46-8050,5491163374785
VG,Sol-In,Si,Paseo 101 N° 729 e/ Av. 7 y 8,solinprop@gesell.com.ar,(02255) 46-3248,5492267521691
VG,Serodino,Si,Av. 3 Nº 817 e/ Paseos 108 y 109,inmobiliariaserodino@gmail.com,(02255) 46-6646 / 2622,5492255409218
VG,Walter Cejas Propiedades ,Si,Paseo 107 bis Nº 925,contaco@wcejaspropiedades.com.ar,(02255) 45-2444,5492255527102